{
  "db_name": "PostgreSQL",
  "query": "INSERT INTO network_keys (package, interface, key) VALUES ($1, $2, $3) ON CONFLICT (package, interface) DO UPDATE SET package = EXCLUDED.package RETURNING key",
  "describe": {
    "columns": [
      {
        "ordinal": 0,
        "name": "key",
        "type_info": "Bytea"
      }
    ],
    "parameters": {
      "Left": [
        "Text",
        "Text",
        "Bytea"
      ]
    },
    "nullable": [
      false
    ]
  },
  "hash": "770c1017734720453dc87b58c385b987c5af5807151ff71a59000014586752e0"
}
