{
  "db_name": "PostgreSQL",
  "query": "SELECT hostname, path, username, password FROM cifs_shares WHERE id = $1",
  "describe": {
    "columns": [
      {
        "ordinal": 0,
        "name": "hostname",
        "type_info": "Text"
      },
      {
        "ordinal": 1,
        "name": "path",
        "type_info": "Text"
      },
      {
        "ordinal": 2,
        "name": "username",
        "type_info": "Text"
      },
      {
        "ordinal": 3,
        "name": "password",
        "type_info": "Text"
      }
    ],
    "parameters": {
      "Left": [
        "Int4"
      ]
    },
    "nullable": [
      false,
      false,
      false,
      true
    ]
  },
  "hash": "28ea34bbde836e0618c5fc9bb7c36e463c20c841a7d6a0eb15be0f24f4a928ec"
}
