{
  "db_name": "PostgreSQL",
  "query": "\n            INSERT INTO account (\n                id,\n                server_id,\n                hostname,\n                password,\n                network_key,\n                root_ca_key_pem,\n                root_ca_cert_pem\n            ) VALUES (\n                0, $1, $2, $3, $4, $5, $6\n            ) ON CONFLICT (id) DO UPDATE SET\n                server_id = EXCLUDED.server_id,\n                hostname = EXCLUDED.hostname,\n                password = EXCLUDED.password,\n                network_key = EXCLUDED.network_key,\n                root_ca_key_pem = EXCLUDED.root_ca_key_pem,\n                root_ca_cert_pem = EXCLUDED.root_ca_cert_pem\n            ",
  "describe": {
    "columns": [],
    "parameters": {
      "Left": [
        "Text",
        "Text",
        "Text",
        "Bytea",
        "Text",
        "Text"
      ]
    },
    "nullable": []
  },
  "hash": "7c7a3549c997eb75bf964ea65fbb98a73045adf618696cd838d79203ef5383fb"
}
