{
  "db_name": "PostgreSQL",
  "query": "INSERT INTO cifs_shares (hostname, path, username, password) VALUES ($1, $2, $3, $4) RETURNING id",
  "describe": {
    "columns": [
      {
        "ordinal": 0,
        "name": "id",
        "type_info": "Int4"
      }
    ],
    "parameters": {
      "Left": [
        "Text",
        "Text",
        "Text",
        "Text"
      ]
    },
    "nullable": [
      false
    ]
  },
  "hash": "ecc765d8205c0876956f95f76944ac6a5f34dd820c4073b7728c7067aab9fded"
}
