{
  "db_name": "PostgreSQL",
  "query": "SELECT id, package_id, created_at, code, level, title, message, data FROM notifications WHERE id < $1 ORDER BY id DESC LIMIT $2",
  "describe": {
    "columns": [
      {
        "ordinal": 0,
        "name": "id",
        "type_info": "Int4"
      },
      {
        "ordinal": 1,
        "name": "package_id",
        "type_info": "Text"
      },
      {
        "ordinal": 2,
        "name": "created_at",
        "type_info": "Timestamp"
      },
      {
        "ordinal": 3,
        "name": "code",
        "type_info": "Int4"
      },
      {
        "ordinal": 4,
        "name": "level",
        "type_info": "Text"
      },
      {
        "ordinal": 5,
        "name": "title",
        "type_info": "Text"
      },
      {
        "ordinal": 6,
        "name": "message",
        "type_info": "Text"
      },
      {
        "ordinal": 7,
        "name": "data",
        "type_info": "Text"
      }
    ],
    "parameters": {
      "Left": [
        "Int4",
        "Int8"
      ]
    },
    "nullable": [
      false,
      true,
      false,
      false,
      false,
      false,
      false,
      true
    ]
  },
  "hash": "7b64f032d507e8ffe37c41f4c7ad514a66c421a11ab04c26d89a7aa8f6b67210"
}
