{
  "db_name": "PostgreSQL",
  "query": "SELECT fingerprint, openssh_pubkey, created_at FROM ssh_keys",
  "describe": {
    "columns": [
      {
        "ordinal": 0,
        "name": "fingerprint",
        "type_info": "Text"
      },
      {
        "ordinal": 1,
        "name": "openssh_pubkey",
        "type_info": "Text"
      },
      {
        "ordinal": 2,
        "name": "created_at",
        "type_info": "Text"
      }
    ],
    "parameters": {
      "Left": []
    },
    "nullable": [
      false,
      false,
      false
    ]
  },
  "hash": "a6b0c8909a3a5d6d9156aebfb359424e6b5a1d1402e028219e21726f1ebd282e"
}
