{
  "db_name": "PostgreSQL",
  "query": "SELECT * FROM account WHERE id = 0",
  "describe": {
    "columns": [
      {
        "ordinal": 0,
        "name": "id",
        "type_info": "Int4"
      },
      {
        "ordinal": 1,
        "name": "password",
        "type_info": "Text"
      },
      {
        "ordinal": 2,
        "name": "tor_key",
        "type_info": "Bytea"
      },
      {
        "ordinal": 3,
        "name": "server_id",
        "type_info": "Text"
      },
      {
        "ordinal": 4,
        "name": "hostname",
        "type_info": "Text"
      },
      {
        "ordinal": 5,
        "name": "network_key",
        "type_info": "Bytea"
      },
      {
        "ordinal": 6,
        "name": "root_ca_key_pem",
        "type_info": "Text"
      },
      {
        "ordinal": 7,
        "name": "root_ca_cert_pem",
        "type_info": "Text"
      }
    ],
    "parameters": {
      "Left": []
    },
    "nullable": [
      false,
      false,
      true,
      true,
      true,
      false,
      false,
      false
    ]
  },
  "hash": "fe6e4f09f3028e5b6b6259e86cbad285680ce157aae9d7837ac020c8b2945e7f"
}
