{
  "db_name": "PostgreSQL",
  "query": "SELECT * FROM ssh_keys WHERE fingerprint = $1",
  "describe": {
    "columns": [
      {
        "ordinal": 0,
        "name": "fingerprint",
        "type_info": "Text"
      },
      {
        "ordinal": 1,
        "name": "openssh_pubkey",
        "type_info": "Text"
      },
      {
        "ordinal": 2,
        "name": "created_at",
        "type_info": "Text"
      }
    ],
    "parameters": {
      "Left": [
        "Text"
      ]
    },
    "nullable": [
      false,
      false,
      false
    ]
  },
  "hash": "4099028a5c0de578255bf54a67cef6cb0f1e9a4e158260700f1639dd4b438997"
}
